dataset,dataset_label,k,w,repeat,execution_order,kssd_throughput_mwindows_s,nthash_throughput_mwindows_s,kssd_over_nthash_speedup,kssd_faster
Human_GRCh38,GRCh38.p14 chr1,4,4,1,KSSD-Array then ntHash,59.745390623312,49.203111061390,1.214260426516,YES
Human_GRCh38,GRCh38.p14 chr1,4,4,2,ntHash then KSSD-Array,59.817077999014,49.340259029655,1.212338142835,YES
Human_GRCh38,GRCh38.p14 chr1,4,4,3,KSSD-Array then ntHash,59.832434577922,49.366210671754,1.212011895662,YES
Human_GRCh38,GRCh38.p14 chr1,4,4,4,ntHash then KSSD-Array,59.811554580640,49.289307784282,1.213479297425,YES
Human_GRCh38,GRCh38.p14 chr1,4,4,5,KSSD-Array then ntHash,59.781514820298,49.169123655590,1.215834458207,YES
Human_GRCh38,GRCh38.p14 chr1,5,5,1,KSSD-Array then ntHash,59.057394460219,48.564948722578,1.216049764565,YES
Human_GRCh38,GRCh38.p14 chr1,5,5,2,ntHash then KSSD-Array,59.179473706009,48.302732126600,1.225178599647,YES
Human_GRCh38,GRCh38.p14 chr1,5,5,3,KSSD-Array then ntHash,59.160832640953,48.299648905078,1.224870863083,YES
Human_GRCh38,GRCh38.p14 chr1,5,5,4,ntHash then KSSD-Array,59.208824912163,48.459626575508,1.221817605629,YES
Human_GRCh38,GRCh38.p14 chr1,5,5,5,KSSD-Array then ntHash,59.184981438196,48.581300088048,1.218266726723,YES
Human_GRCh38,GRCh38.p14 chr1,6,6,1,KSSD-Array then ntHash,61.064072315266,48.035480979500,1.271228497563,YES
Human_GRCh38,GRCh38.p14 chr1,6,6,2,ntHash then KSSD-Array,61.164963330290,47.872319154435,1.277668690605,YES
Human_GRCh38,GRCh38.p14 chr1,6,6,3,KSSD-Array then ntHash,61.133799308185,47.499112870646,1.287051391353,YES
Human_GRCh38,GRCh38.p14 chr1,6,6,4,ntHash then KSSD-Array,61.094633175380,48.073689323354,1.270853850314,YES
Human_GRCh38,GRCh38.p14 chr1,6,6,5,KSSD-Array then ntHash,61.106268834775,48.070554222244,1.271178787585,YES
Human_GRCh38,GRCh38.p14 chr1,7,7,1,KSSD-Array then ntHash,56.629934821781,46.845588380764,1.208863775207,YES
Human_GRCh38,GRCh38.p14 chr1,7,7,2,ntHash then KSSD-Array,56.693898347140,46.071667086064,1.230558864762,YES
Human_GRCh38,GRCh38.p14 chr1,7,7,3,KSSD-Array then ntHash,56.689190156395,46.897530582703,1.208788382928,YES
Human_GRCh38,GRCh38.p14 chr1,7,7,4,ntHash then KSSD-Array,56.712035336945,46.868294456733,1.210029850549,YES
Human_GRCh38,GRCh38.p14 chr1,7,7,5,KSSD-Array then ntHash,56.718113955464,46.706876757459,1.214341824866,YES
Human_GRCh38,GRCh38.p14 chr1,8,8,1,KSSD-Array then ntHash,65.243262744634,51.353303447820,1.270478398939,YES
Human_GRCh38,GRCh38.p14 chr1,8,8,2,ntHash then KSSD-Array,65.223389465645,51.538410025388,1.265529717225,YES
Human_GRCh38,GRCh38.p14 chr1,8,8,3,KSSD-Array then ntHash,65.271310701522,51.559961674739,1.265930163278,YES
Human_GRCh38,GRCh38.p14 chr1,8,8,4,ntHash then KSSD-Array,65.228857074775,51.561296766251,1.265074021906,YES
Human_GRCh38,GRCh38.p14 chr1,8,8,5,KSSD-Array then ntHash,65.251488482621,51.539744173882,1.266042149190,YES
Human_GRCh38,GRCh38.p14 chr1,9,9,1,KSSD-Array then ntHash,61.428722870569,51.276171289335,1.197997458194,YES
Human_GRCh38,GRCh38.p14 chr1,9,9,2,ntHash then KSSD-Array,61.432995141039,51.997434425005,1.181462043664,YES
Human_GRCh38,GRCh38.p14 chr1,9,9,3,KSSD-Array then ntHash,61.443875308228,51.599271321230,1.190789593243,YES
Human_GRCh38,GRCh38.p14 chr1,9,9,4,ntHash then KSSD-Array,61.423180208269,51.575302964900,1.190941723601,YES
Human_GRCh38,GRCh38.p14 chr1,9,9,5,KSSD-Array then ntHash,61.428930553015,51.973439252815,1.181929297659,YES
Human_GRCh38,GRCh38.p14 chr1,10,10,1,KSSD-Array then ntHash,59.693503613415,49.601012984328,1.203473478098,YES
Human_GRCh38,GRCh38.p14 chr1,10,10,2,ntHash then KSSD-Array,59.662464176146,49.458129919823,1.206322686945,YES
Human_GRCh38,GRCh38.p14 chr1,10,10,3,KSSD-Array then ntHash,59.706598238772,49.451610937671,1.207374180672,YES
Human_GRCh38,GRCh38.p14 chr1,10,10,4,ntHash then KSSD-Array,59.622968926732,49.459861499766,1.205481922488,YES
Human_GRCh38,GRCh38.p14 chr1,10,10,5,KSSD-Array then ntHash,59.606885369151,49.529243759995,1.203468513632,YES
Human_GRCh38,GRCh38.p14 chr1,11,11,1,KSSD-Array then ntHash,57.152076789938,52.427042887306,1.090125890045,YES
Human_GRCh38,GRCh38.p14 chr1,11,11,2,ntHash then KSSD-Array,57.135777770831,52.323822621638,1.091964900653,YES
Human_GRCh38,GRCh38.p14 chr1,11,11,3,KSSD-Array then ntHash,57.110970189589,52.868469045550,1.080246340033,YES
Human_GRCh38,GRCh38.p14 chr1,11,11,4,ntHash then KSSD-Array,57.133571879595,52.247543402853,1.093516903543,YES
Human_GRCh38,GRCh38.p14 chr1,11,11,5,KSSD-Array then ntHash,57.131190427207,52.272337270479,1.092952666945,YES
Human_GRCh38,GRCh38.p14 chr1,12,12,1,KSSD-Array then ntHash,60.311023275725,52.254027950764,1.154188981040,YES
Human_GRCh38,GRCh38.p14 chr1,12,12,2,ntHash then KSSD-Array,60.084401062179,52.202282072707,1.150991847033,YES
Human_GRCh38,GRCh38.p14 chr1,12,12,3,KSSD-Array then ntHash,60.550171750463,52.124905467108,1.161636097137,YES
Human_GRCh38,GRCh38.p14 chr1,12,12,4,ntHash then KSSD-Array,60.634260633045,52.235691986129,1.160782184127,YES
Human_GRCh38,GRCh38.p14 chr1,12,12,5,KSSD-Array then ntHash,60.516889203578,52.258745062662,1.158024157125,YES
Human_GRCh38,GRCh38.p14 chr1,13,13,1,KSSD-Array then ntHash,58.063362632474,53.138230335662,1.092685290152,YES
Human_GRCh38,GRCh38.p14 chr1,13,13,2,ntHash then KSSD-Array,58.478536969550,52.960661473216,1.104188190684,YES
Human_GRCh38,GRCh38.p14 chr1,13,13,3,KSSD-Array then ntHash,58.351630006656,53.185834502456,1.097127281212,YES
Human_GRCh38,GRCh38.p14 chr1,13,13,4,ntHash then KSSD-Array,58.462960481532,52.986753534156,1.103350490115,YES
Human_GRCh38,GRCh38.p14 chr1,13,13,5,KSSD-Array then ntHash,58.464399794062,53.107910678819,1.100860475337,YES
Human_GRCh38,GRCh38.p14 chr1,14,14,1,KSSD-Array then ntHash,57.310064316089,53.728688523995,1.066656676172,YES
Human_GRCh38,GRCh38.p14 chr1,14,14,2,ntHash then KSSD-Array,57.309818882708,53.900297031718,1.063256086492,YES
Human_GRCh38,GRCh38.p14 chr1,14,14,3,KSSD-Array then ntHash,57.317071304687,53.614618131701,1.069056785295,YES
Human_GRCh38,GRCh38.p14 chr1,14,14,4,ntHash then KSSD-Array,57.331326612490,53.918875473829,1.063288618479,YES
Human_GRCh38,GRCh38.p14 chr1,14,14,5,KSSD-Array then ntHash,57.346197195436,53.937571456884,1.063195758476,YES
Human_GRCh38,GRCh38.p14 chr1,15,15,1,KSSD-Array then ntHash,54.736236294438,53.154999078945,1.029747667066,YES
Human_GRCh38,GRCh38.p14 chr1,15,15,2,ntHash then KSSD-Array,54.802208675084,53.438584959508,1.025517586527,YES
Human_GRCh38,GRCh38.p14 chr1,15,15,3,KSSD-Array then ntHash,54.745918053416,53.452140725511,1.024204406229,YES
Human_GRCh38,GRCh38.p14 chr1,15,15,4,ntHash then KSSD-Array,54.748440154582,53.367183963345,1.025882126218,YES
Human_GRCh38,GRCh38.p14 chr1,15,15,5,KSSD-Array then ntHash,54.787683416132,53.143938577072,1.030930053042,YES
Human_GRCh38,GRCh38.p14 chr1,16,16,1,KSSD-Array then ntHash,72.587085230185,58.193511630718,1.247339835596,YES
Human_GRCh38,GRCh38.p14 chr1,16,16,2,ntHash then KSSD-Array,72.238493052281,58.221495463135,1.240752963792,YES
Human_GRCh38,GRCh38.p14 chr1,16,16,3,KSSD-Array then ntHash,72.594287035815,58.235966835797,1.246554165410,YES
Human_GRCh38,GRCh38.p14 chr1,16,16,4,ntHash then KSSD-Array,72.591701173436,58.179618973686,1.247717026237,YES
Human_GRCh38,GRCh38.p14 chr1,16,16,5,KSSD-Array then ntHash,72.586626836556,58.101413869598,1.249309130402,YES
Human_GRCh38,GRCh38.p14 chr1,17,17,1,KSSD-Array then ntHash,60.606195191364,54.143276559776,1.119366965619,YES
Human_GRCh38,GRCh38.p14 chr1,17,17,2,ntHash then KSSD-Array,60.565912519938,53.484083277244,1.132410033205,YES
Human_GRCh38,GRCh38.p14 chr1,17,17,3,KSSD-Array then ntHash,60.568278600954,52.375558624271,1.156422579384,YES
Human_GRCh38,GRCh38.p14 chr1,17,17,4,ntHash then KSSD-Array,60.591156413148,53.723594258549,1.127831397906,YES
Human_GRCh38,GRCh38.p14 chr1,17,17,5,KSSD-Array then ntHash,60.559125683768,54.637792483322,1.108374312565,YES
Human_GRCh38,GRCh38.p14 chr1,18,18,1,KSSD-Array then ntHash,51.626774107292,50.723856913596,1.017800641525,YES
Human_GRCh38,GRCh38.p14 chr1,18,18,2,ntHash then KSSD-Array,51.590794087156,50.679429755163,1.017982923967,YES
Human_GRCh38,GRCh38.p14 chr1,18,18,3,KSSD-Array then ntHash,51.614495451481,50.749203907444,1.017050347147,YES
Human_GRCh38,GRCh38.p14 chr1,18,18,4,ntHash then KSSD-Array,51.957837843484,50.841134770301,1.021964558388,YES
Human_GRCh38,GRCh38.p14 chr1,18,18,5,KSSD-Array then ntHash,51.621124304790,50.849319442793,1.015178273189,YES
Human_GRCh38,GRCh38.p14 chr1,19,19,1,KSSD-Array then ntHash,57.698249624591,52.024692931081,1.109055073156,YES
Human_GRCh38,GRCh38.p14 chr1,19,19,2,ntHash then KSSD-Array,57.658972998818,52.167866495844,1.105258406598,YES
Human_GRCh38,GRCh38.p14 chr1,19,19,3,KSSD-Array then ntHash,57.682438503049,52.015203686269,1.108953429289,YES
Human_GRCh38,GRCh38.p14 chr1,19,19,4,ntHash then KSSD-Array,57.688071832108,52.193551434859,1.105272016297,YES
Human_GRCh38,GRCh38.p14 chr1,19,19,5,KSSD-Array then ntHash,57.651090042774,52.201825264016,1.104388395448,YES
Human_GRCh38,GRCh38.p14 chr1,20,20,1,KSSD-Array then ntHash,55.373363672004,53.549109888736,1.034066930096,YES
Human_GRCh38,GRCh38.p14 chr1,20,20,2,ntHash then KSSD-Array,55.621102639890,53.518891909977,1.039279788032,YES
Human_GRCh38,GRCh38.p14 chr1,20,20,3,KSSD-Array then ntHash,55.587631341998,52.981761623086,1.049184278497,YES
Human_GRCh38,GRCh38.p14 chr1,20,20,4,ntHash then KSSD-Array,55.525747759704,53.550830478374,1.036879302593,YES
Human_GRCh38,GRCh38.p14 chr1,20,20,5,KSSD-Array then ntHash,55.501250650669,53.610306458591,1.035272027283,YES
Human_GRCh38,GRCh38.p14 chr1,21,21,1,KSSD-Array then ntHash,52.085913672731,50.475069999186,1.031913649126,YES
Human_GRCh38,GRCh38.p14 chr1,21,21,2,ntHash then KSSD-Array,52.598455831918,50.118921295685,1.049473022805,YES
Human_GRCh38,GRCh38.p14 chr1,21,21,3,KSSD-Array then ntHash,52.606077999364,49.985035511168,1.052436543485,YES
Human_GRCh38,GRCh38.p14 chr1,21,21,4,ntHash then KSSD-Array,52.642012759655,50.466962144229,1.043098504903,YES
Human_GRCh38,GRCh38.p14 chr1,21,21,5,KSSD-Array then ntHash,52.537947587715,50.328214564978,1.043906445755,YES
Human_GRCh38,GRCh38.p14 chr1,22,22,1,KSSD-Array then ntHash,55.429919249609,55.321259252727,1.001964163476,YES
Human_GRCh38,GRCh38.p14 chr1,22,22,2,ntHash then KSSD-Array,55.806082061079,55.093914718119,1.012926424753,YES
Human_GRCh38,GRCh38.p14 chr1,22,22,3,KSSD-Array then ntHash,55.716469248086,55.001891875274,1.012991868978,YES
Human_GRCh38,GRCh38.p14 chr1,22,22,4,ntHash then KSSD-Array,55.804089871071,54.923492640239,1.016033161558,YES
Human_GRCh38,GRCh38.p14 chr1,22,22,5,KSSD-Array then ntHash,55.793698620789,55.303398453100,1.008865642644,YES
Human_GRCh38,GRCh38.p14 chr1,23,23,1,KSSD-Array then ntHash,52.380161019702,53.062909612277,0.987133223610,NO
Human_GRCh38,GRCh38.p14 chr1,23,23,2,ntHash then KSSD-Array,52.353511360303,53.155138635082,0.984919101043,NO
Human_GRCh38,GRCh38.p14 chr1,23,23,3,KSSD-Array then ntHash,52.943823735785,52.689916067031,1.004818904407,YES
Human_GRCh38,GRCh38.p14 chr1,23,23,4,ntHash then KSSD-Array,52.952166066618,52.907229211624,1.000849351888,YES
Human_GRCh38,GRCh38.p14 chr1,23,23,5,KSSD-Array then ntHash,52.985095390668,52.483082106386,1.009565240152,YES
Human_GRCh38,GRCh38.p14 chr1,24,24,1,KSSD-Array then ntHash,57.289638307980,53.543865349756,1.069957089085,YES
Human_GRCh38,GRCh38.p14 chr1,24,24,2,ntHash then KSSD-Array,57.277166437171,53.536525138054,1.069870827243,YES
Human_GRCh38,GRCh38.p14 chr1,24,24,3,KSSD-Array then ntHash,56.617069046324,53.570389532164,1.056872453995,YES
Human_GRCh38,GRCh38.p14 chr1,24,24,4,ntHash then KSSD-Array,57.286104043236,53.574930692913,1.069270707443,YES
Human_GRCh38,GRCh38.p14 chr1,24,24,5,KSSD-Array then ntHash,57.311839314342,53.563873964082,1.069971887261,YES
Human_GRCh38,GRCh38.p14 chr1,25,25,1,KSSD-Array then ntHash,52.004915367252,52.665687231110,0.987453465461,NO
Human_GRCh38,GRCh38.p14 chr1,25,25,2,ntHash then KSSD-Array,52.001650587938,52.802915112304,0.984825373321,NO
Human_GRCh38,GRCh38.p14 chr1,25,25,3,KSSD-Array then ntHash,51.976775675828,51.798554503915,1.003440659177,YES
Human_GRCh38,GRCh38.p14 chr1,25,25,4,ntHash then KSSD-Array,51.992673276725,51.996350302822,0.999929282996,NO
Human_GRCh38,GRCh38.p14 chr1,25,25,5,KSSD-Array then ntHash,51.986884209677,52.697077998641,0.986523089782,NO
Human_GRCh38,GRCh38.p14 chr1,26,26,1,KSSD-Array then ntHash,56.713668468679,56.739077379925,0.999552179690,NO
Human_GRCh38,GRCh38.p14 chr1,26,26,2,ntHash then KSSD-Array,56.713338287257,56.558995810391,1.002728875834,YES
Human_GRCh38,GRCh38.p14 chr1,26,26,3,KSSD-Array then ntHash,56.710864323624,56.775929694794,0.998853997257,NO
Human_GRCh38,GRCh38.p14 chr1,26,26,4,ntHash then KSSD-Array,56.705577144843,56.373031528906,1.005899019565,YES
Human_GRCh38,GRCh38.p14 chr1,26,26,5,KSSD-Array then ntHash,56.721505879724,56.732025052382,0.999814581400,NO
Human_GRCh38,GRCh38.p14 chr1,27,27,1,KSSD-Array then ntHash,52.850037341452,54.318185711771,0.972971329011,NO
Human_GRCh38,GRCh38.p14 chr1,27,27,2,ntHash then KSSD-Array,52.867769085043,54.251305716602,0.974497634420,NO
Human_GRCh38,GRCh38.p14 chr1,27,27,3,KSSD-Array then ntHash,52.834839015326,54.208565519313,0.974658497401,NO
Human_GRCh38,GRCh38.p14 chr1,27,27,4,ntHash then KSSD-Array,52.842059493798,54.398534386101,0.971387558325,NO
Human_GRCh38,GRCh38.p14 chr1,27,27,5,KSSD-Array then ntHash,52.603657941709,54.318599876705,0.968428090214,NO
Human_GRCh38,GRCh38.p14 chr1,28,28,1,KSSD-Array then ntHash,54.114918489175,51.899034536393,1.042696053454,YES
Human_GRCh38,GRCh38.p14 chr1,28,28,2,ntHash then KSSD-Array,54.154986154005,51.869651109339,1.044059194457,YES
Human_GRCh38,GRCh38.p14 chr1,28,28,3,KSSD-Array then ntHash,54.098250784177,51.910813505646,1.042138374084,YES
Human_GRCh38,GRCh38.p14 chr1,28,28,4,ntHash then KSSD-Array,54.137187851764,51.776623267615,1.045591319696,YES
Human_GRCh38,GRCh38.p14 chr1,28,28,5,KSSD-Array then ntHash,54.136009050299,51.801313924033,1.045070191264,YES
Human_GRCh38,GRCh38.p14 chr1,29,29,1,KSSD-Array then ntHash,52.552386990964,54.116853969049,0.971090947397,NO
Human_GRCh38,GRCh38.p14 chr1,29,29,2,ntHash then KSSD-Array,52.448122174490,53.622175531060,0.978105077891,NO
Human_GRCh38,GRCh38.p14 chr1,29,29,3,KSSD-Array then ntHash,52.411729021829,53.574246465949,0.978300815769,NO
Human_GRCh38,GRCh38.p14 chr1,29,29,4,ntHash then KSSD-Array,51.562149881132,53.558068202466,0.962733563993,NO
Human_GRCh38,GRCh38.p14 chr1,29,29,5,KSSD-Array then ntHash,52.477912971275,53.580090566009,0.979429344313,NO
Human_GRCh38,GRCh38.p14 chr1,30,30,1,KSSD-Array then ntHash,57.168111753997,53.018242791719,1.078272472714,YES
Human_GRCh38,GRCh38.p14 chr1,30,30,2,ntHash then KSSD-Array,57.161221388235,52.958651907269,1.079355673334,YES
Human_GRCh38,GRCh38.p14 chr1,30,30,3,KSSD-Array then ntHash,57.151969325917,52.981096922835,1.078723783487,YES
Human_GRCh38,GRCh38.p14 chr1,30,30,4,ntHash then KSSD-Array,57.174401933208,53.018312808758,1.078389690359,YES
Human_GRCh38,GRCh38.p14 chr1,30,30,5,KSSD-Array then ntHash,56.974882453879,53.021853575278,1.074554709276,YES
Human_GRCh38,GRCh38.p14 chr1,31,31,1,KSSD-Array then ntHash,51.447600465823,51.209471411596,1.004650097876,YES
Human_GRCh38,GRCh38.p14 chr1,31,31,2,ntHash then KSSD-Array,51.457976919159,50.669616017752,1.015558848939,YES
Human_GRCh38,GRCh38.p14 chr1,31,31,3,KSSD-Array then ntHash,51.439171173736,51.195214880329,1.004765216710,YES
Human_GRCh38,GRCh38.p14 chr1,31,31,4,ntHash then KSSD-Array,51.461100491982,50.609406252182,1.016828773599,YES
Human_GRCh38,GRCh38.p14 chr1,31,31,5,KSSD-Array then ntHash,51.461860215879,51.158209226473,1.005935528119,YES
Human_GRCh38,GRCh38.p14 chr1,32,32,1,KSSD-Array then ntHash,61.029761524049,48.823463112906,1.250008861168,YES
Human_GRCh38,GRCh38.p14 chr1,32,32,2,ntHash then KSSD-Array,61.011722748802,48.849291157117,1.248978671002,YES
Human_GRCh38,GRCh38.p14 chr1,32,32,3,KSSD-Array then ntHash,61.016476740667,48.732078187675,1.252080334142,YES
Human_GRCh38,GRCh38.p14 chr1,32,32,4,ntHash then KSSD-Array,61.010253392858,48.838460844078,1.249225555810,YES
Human_GRCh38,GRCh38.p14 chr1,32,32,5,KSSD-Array then ntHash,61.032871368780,48.776825129314,1.251267814315,YES
Synthetic_300M,Synthetic 300 Mb,4,4,1,KSSD-Array then ntHash,60.896009345280,48.989254113489,1.243048306149,YES
Synthetic_300M,Synthetic 300 Mb,4,4,2,ntHash then KSSD-Array,60.874246840544,48.944898209858,1.243730175503,YES
Synthetic_300M,Synthetic 300 Mb,4,4,3,KSSD-Array then ntHash,60.824898210960,47.945505359985,1.268625656446,YES
Synthetic_300M,Synthetic 300 Mb,4,4,4,ntHash then KSSD-Array,60.785486989105,49.034545333127,1.239646183648,YES
Synthetic_300M,Synthetic 300 Mb,4,4,5,KSSD-Array then ntHash,60.929433140911,49.080501080534,1.241418318874,YES
Synthetic_300M,Synthetic 300 Mb,5,5,1,KSSD-Array then ntHash,60.170891686983,48.370631572003,1.243955055609,YES
Synthetic_300M,Synthetic 300 Mb,5,5,2,ntHash then KSSD-Array,60.231034553827,48.393654080673,1.244606048004,YES
Synthetic_300M,Synthetic 300 Mb,5,5,3,KSSD-Array then ntHash,58.327267794723,48.318404100073,1.207143921267,YES
Synthetic_300M,Synthetic 300 Mb,5,5,4,ntHash then KSSD-Array,60.232085152366,48.440711655851,1.243418667758,YES
Synthetic_300M,Synthetic 300 Mb,5,5,5,KSSD-Array then ntHash,60.188627488059,48.164789994504,1.249639570627,YES
Synthetic_300M,Synthetic 300 Mb,6,6,1,KSSD-Array then ntHash,62.507252443274,47.641483393321,1.312034134773,YES
Synthetic_300M,Synthetic 300 Mb,6,6,2,ntHash then KSSD-Array,62.446824250671,47.596125316776,1.312014871695,YES
Synthetic_300M,Synthetic 300 Mb,6,6,3,KSSD-Array then ntHash,62.488962430994,47.941767025754,1.303434693957,YES
Synthetic_300M,Synthetic 300 Mb,6,6,4,ntHash then KSSD-Array,62.529625234723,47.655860009622,1.312107791615,YES
Synthetic_300M,Synthetic 300 Mb,6,6,5,KSSD-Array then ntHash,62.507447762649,47.950572760212,1.303580836776,YES
Synthetic_300M,Synthetic 300 Mb,7,7,1,KSSD-Array then ntHash,58.074055489917,46.235323324230,1.256053841836,YES
Synthetic_300M,Synthetic 300 Mb,7,7,2,ntHash then KSSD-Array,58.063086068879,46.712084257081,1.242999257951,YES
Synthetic_300M,Synthetic 300 Mb,7,7,3,KSSD-Array then ntHash,58.072431326807,44.624590777760,1.301354932665,YES
Synthetic_300M,Synthetic 300 Mb,7,7,4,ntHash then KSSD-Array,58.059379941365,46.762473140178,1.241580610318,YES
Synthetic_300M,Synthetic 300 Mb,7,7,5,KSSD-Array then ntHash,58.071987127941,46.748440578663,1.242222979186,YES
Synthetic_300M,Synthetic 300 Mb,8,8,1,KSSD-Array then ntHash,66.968738297485,51.459965244442,1.301375505782,YES
Synthetic_300M,Synthetic 300 Mb,8,8,2,ntHash then KSSD-Array,66.241629205563,51.401489343488,1.288710308818,YES
Synthetic_300M,Synthetic 300 Mb,8,8,3,KSSD-Array then ntHash,66.978021904542,51.422907889457,1.302493862240,YES
Synthetic_300M,Synthetic 300 Mb,8,8,4,ntHash then KSSD-Array,66.960361776120,51.402588926466,1.302665160930,YES
Synthetic_300M,Synthetic 300 Mb,8,8,5,KSSD-Array then ntHash,66.966934031434,51.332519952634,1.304571333985,YES
Synthetic_300M,Synthetic 300 Mb,9,9,1,KSSD-Array then ntHash,62.980248642668,51.924909163161,1.212910136150,YES
Synthetic_300M,Synthetic 300 Mb,9,9,2,ntHash then KSSD-Array,62.918213652685,51.666294301636,1.217780653773,YES
Synthetic_300M,Synthetic 300 Mb,9,9,3,KSSD-Array then ntHash,62.836392340334,50.369287132652,1.247514029231,YES
Synthetic_300M,Synthetic 300 Mb,9,9,4,ntHash then KSSD-Array,62.958228320507,51.926714446205,1.212443902757,YES
Synthetic_300M,Synthetic 300 Mb,9,9,5,KSSD-Array then ntHash,62.934772191919,51.915762823023,1.212247856329,YES
Synthetic_300M,Synthetic 300 Mb,10,10,1,KSSD-Array then ntHash,61.044744879313,49.439064660065,1.234747163990,YES
Synthetic_300M,Synthetic 300 Mb,10,10,2,ntHash then KSSD-Array,60.992923364564,49.584186368364,1.230088216260,YES
Synthetic_300M,Synthetic 300 Mb,10,10,3,KSSD-Array then ntHash,61.008098924248,49.583542258491,1.230410256012,YES
Synthetic_300M,Synthetic 300 Mb,10,10,4,ntHash then KSSD-Array,60.986228423479,49.579887999991,1.230059826345,YES
Synthetic_300M,Synthetic 300 Mb,10,10,5,KSSD-Array then ntHash,61.019715501161,49.580692398519,1.230715275428,YES
Synthetic_300M,Synthetic 300 Mb,11,11,1,KSSD-Array then ntHash,58.467996404488,52.526621728480,1.113111684713,YES
Synthetic_300M,Synthetic 300 Mb,11,11,2,ntHash then KSSD-Array,58.455845113055,52.840395322710,1.106271911027,YES
Synthetic_300M,Synthetic 300 Mb,11,11,3,KSSD-Array then ntHash,58.456502237481,52.723964891000,1.108727356873,YES
Synthetic_300M,Synthetic 300 Mb,11,11,4,ntHash then KSSD-Array,58.212453477468,50.677022591700,1.148695217288,YES
Synthetic_300M,Synthetic 300 Mb,11,11,5,KSSD-Array then ntHash,58.455255181882,51.780915899562,1.128895736322,YES
Synthetic_300M,Synthetic 300 Mb,12,12,1,KSSD-Array then ntHash,62.016089605960,51.962958223299,1.193467264498,YES
Synthetic_300M,Synthetic 300 Mb,12,12,2,ntHash then KSSD-Array,62.102485454718,52.223726738191,1.189162270361,YES
Synthetic_300M,Synthetic 300 Mb,12,12,3,KSSD-Array then ntHash,62.121723970371,52.213429126028,1.189765257908,YES
Synthetic_300M,Synthetic 300 Mb,12,12,4,ntHash then KSSD-Array,62.097258279271,52.040624327058,1.193245835965,YES
Synthetic_300M,Synthetic 300 Mb,12,12,5,KSSD-Array then ntHash,62.114262482130,52.188886429400,1.190181794091,YES
Synthetic_300M,Synthetic 300 Mb,13,13,1,KSSD-Array then ntHash,59.926929411169,52.933445596288,1.132118431666,YES
Synthetic_300M,Synthetic 300 Mb,13,13,2,ntHash then KSSD-Array,60.018685847031,53.220960648422,1.127726465584,YES
Synthetic_300M,Synthetic 300 Mb,13,13,3,KSSD-Array then ntHash,59.945920287232,53.042010229335,1.130159283708,YES
Synthetic_300M,Synthetic 300 Mb,13,13,4,ntHash then KSSD-Array,59.535606053851,53.144101702809,1.120267426605,YES
Synthetic_300M,Synthetic 300 Mb,13,13,5,KSSD-Array then ntHash,59.774381411943,52.975626111664,1.128337422307,YES
Synthetic_300M,Synthetic 300 Mb,14,14,1,KSSD-Array then ntHash,59.132674760746,53.991301466786,1.095225955928,YES
Synthetic_300M,Synthetic 300 Mb,14,14,2,ntHash then KSSD-Array,59.143450103254,53.738335727127,1.100582094756,YES
Synthetic_300M,Synthetic 300 Mb,14,14,3,KSSD-Array then ntHash,59.091723688297,53.690364048234,1.100602030473,YES
Synthetic_300M,Synthetic 300 Mb,14,14,4,ntHash then KSSD-Array,59.142866243199,53.853104892083,1.098225745047,YES
Synthetic_300M,Synthetic 300 Mb,14,14,5,KSSD-Array then ntHash,59.138881040157,53.882760287949,1.097547355112,YES
Synthetic_300M,Synthetic 300 Mb,15,15,1,KSSD-Array then ntHash,56.380448345854,52.987658172323,1.064029819217,YES
Synthetic_300M,Synthetic 300 Mb,15,15,2,ntHash then KSSD-Array,56.395061956705,53.406451243811,1.055959732266,YES
Synthetic_300M,Synthetic 300 Mb,15,15,3,KSSD-Array then ntHash,56.369846309047,53.406289540780,1.055490781961,YES
Synthetic_300M,Synthetic 300 Mb,15,15,4,ntHash then KSSD-Array,56.366459752695,53.412496395695,1.055304723732,YES
Synthetic_300M,Synthetic 300 Mb,15,15,5,KSSD-Array then ntHash,56.282789032132,53.409033947339,1.053806535569,YES
Synthetic_300M,Synthetic 300 Mb,16,16,1,KSSD-Array then ntHash,74.642827057707,58.215774472673,1.282175282109,YES
Synthetic_300M,Synthetic 300 Mb,16,16,2,ntHash then KSSD-Array,74.625054788695,58.065809584405,1.285180648006,YES
Synthetic_300M,Synthetic 300 Mb,16,16,3,KSSD-Array then ntHash,74.617271207472,57.828608446022,1.290317599067,YES
Synthetic_300M,Synthetic 300 Mb,16,16,4,ntHash then KSSD-Array,74.638451175733,58.214525579500,1.282127620774,YES
Synthetic_300M,Synthetic 300 Mb,16,16,5,KSSD-Array then ntHash,74.603945073323,58.085452121713,1.284382618164,YES
Synthetic_300M,Synthetic 300 Mb,17,17,1,KSSD-Array then ntHash,62.205016445542,54.616917993223,1.138933113239,YES
Synthetic_300M,Synthetic 300 Mb,17,17,2,ntHash then KSSD-Array,62.212819812505,54.647938740527,1.138429394527,YES
Synthetic_300M,Synthetic 300 Mb,17,17,3,KSSD-Array then ntHash,61.792354753275,54.550299439081,1.132759222015,YES
Synthetic_300M,Synthetic 300 Mb,17,17,4,ntHash then KSSD-Array,62.203405680781,54.624967335063,1.138735796385,YES
Synthetic_300M,Synthetic 300 Mb,17,17,5,KSSD-Array then ntHash,62.186958874030,53.793731726235,1.156026118257,YES
Synthetic_300M,Synthetic 300 Mb,18,18,1,KSSD-Array then ntHash,52.496138406807,50.659761013209,1.036249231281,YES
Synthetic_300M,Synthetic 300 Mb,18,18,2,ntHash then KSSD-Array,52.502059079363,50.658310647174,1.036395774131,YES
Synthetic_300M,Synthetic 300 Mb,18,18,3,KSSD-Array then ntHash,52.481680037686,50.667296271622,1.035809760922,YES
Synthetic_300M,Synthetic 300 Mb,18,18,4,ntHash then KSSD-Array,52.504816765746,50.579138663759,1.038072576024,YES
Synthetic_300M,Synthetic 300 Mb,18,18,5,KSSD-Array then ntHash,52.501591687873,50.675164567506,1.036041858689,YES
Synthetic_300M,Synthetic 300 Mb,19,19,1,KSSD-Array then ntHash,59.193752451632,51.889941343714,1.140755817385,YES
Synthetic_300M,Synthetic 300 Mb,19,19,2,ntHash then KSSD-Array,59.221846612090,52.170794608710,1.135153241507,YES
Synthetic_300M,Synthetic 300 Mb,19,19,3,KSSD-Array then ntHash,58.963792440245,52.156102866041,1.130525273173,YES
Synthetic_300M,Synthetic 300 Mb,19,19,4,ntHash then KSSD-Array,59.249087965645,52.136077497611,1.136431638310,YES
Synthetic_300M,Synthetic 300 Mb,19,19,5,KSSD-Array then ntHash,59.174556006478,52.178825839326,1.134072203708,YES
Synthetic_300M,Synthetic 300 Mb,20,20,1,KSSD-Array then ntHash,57.279574306581,53.542705360405,1.069792307300,YES
Synthetic_300M,Synthetic 300 Mb,20,20,2,ntHash then KSSD-Array,57.077242951649,53.521464086544,1.066436502173,YES
Synthetic_300M,Synthetic 300 Mb,20,20,3,KSSD-Array then ntHash,57.070192179909,53.426854384812,1.068193005878,YES
Synthetic_300M,Synthetic 300 Mb,20,20,4,ntHash then KSSD-Array,57.368792205011,53.484360373683,1.072627433593,YES
Synthetic_300M,Synthetic 300 Mb,20,20,5,KSSD-Array then ntHash,57.106544685475,53.531271114654,1.066788505043,YES
Synthetic_300M,Synthetic 300 Mb,21,21,1,KSSD-Array then ntHash,53.995130143286,50.512195243427,1.068952356616,YES
Synthetic_300M,Synthetic 300 Mb,21,21,2,ntHash then KSSD-Array,54.017349347874,50.315282343450,1.073577387068,YES
Synthetic_300M,Synthetic 300 Mb,21,21,3,KSSD-Array then ntHash,54.002344224075,49.524817525352,1.090409756612,YES
Synthetic_300M,Synthetic 300 Mb,21,21,4,ntHash then KSSD-Array,54.011842849248,50.230721665167,1.075275071883,YES
Synthetic_300M,Synthetic 300 Mb,21,21,5,KSSD-Array then ntHash,53.983388757714,50.490166435502,1.069186191467,YES
Synthetic_300M,Synthetic 300 Mb,22,22,1,KSSD-Array then ntHash,57.038280342013,55.261636594022,1.032149676656,YES
Synthetic_300M,Synthetic 300 Mb,22,22,2,ntHash then KSSD-Array,57.070255278099,55.192871920837,1.034014960482,YES
Synthetic_300M,Synthetic 300 Mb,22,22,3,KSSD-Array then ntHash,56.876963088393,54.883128147778,1.036328740870,YES
Synthetic_300M,Synthetic 300 Mb,22,22,4,ntHash then KSSD-Array,57.009076086192,55.278192609501,1.031312229923,YES
Synthetic_300M,Synthetic 300 Mb,22,22,5,KSSD-Array then ntHash,56.959135674553,54.965352692262,1.036273450176,YES
Synthetic_300M,Synthetic 300 Mb,23,23,1,KSSD-Array then ntHash,54.153566154430,53.107387819582,1.019699299435,YES
Synthetic_300M,Synthetic 300 Mb,23,23,2,ntHash then KSSD-Array,53.626869144532,53.129921145278,1.009353448839,YES
Synthetic_300M,Synthetic 300 Mb,23,23,3,KSSD-Array then ntHash,54.261882412819,52.407365118701,1.035386577629,YES
Synthetic_300M,Synthetic 300 Mb,23,23,4,ntHash then KSSD-Array,54.390261250857,52.787288013718,1.030366652606,YES
Synthetic_300M,Synthetic 300 Mb,23,23,5,KSSD-Array then ntHash,54.264505937942,52.658080719358,1.030506717993,YES
Synthetic_300M,Synthetic 300 Mb,24,24,1,KSSD-Array then ntHash,58.771665356667,53.532090922619,1.097877260980,YES
Synthetic_300M,Synthetic 300 Mb,24,24,2,ntHash then KSSD-Array,58.761543981061,53.477746978410,1.098803657618,YES
Synthetic_300M,Synthetic 300 Mb,24,24,3,KSSD-Array then ntHash,58.772148809278,53.541296532206,1.097697527252,YES
Synthetic_300M,Synthetic 300 Mb,24,24,4,ntHash then KSSD-Array,58.764241755882,53.535593706879,1.097666761251,YES
Synthetic_300M,Synthetic 300 Mb,24,24,5,KSSD-Array then ntHash,58.776445944757,53.555636210515,1.097483852376,YES
Synthetic_300M,Synthetic 300 Mb,25,25,1,KSSD-Array then ntHash,53.010507012306,52.752007978645,1.004900269081,YES
Synthetic_300M,Synthetic 300 Mb,25,25,2,ntHash then KSSD-Array,53.275361424607,51.813915675888,1.028205661156,YES
Synthetic_300M,Synthetic 300 Mb,25,25,3,KSSD-Array then ntHash,53.279489300157,52.057687510756,1.023470151054,YES
Synthetic_300M,Synthetic 300 Mb,25,25,4,ntHash then KSSD-Array,53.272769619097,52.401687375966,1.016623171633,YES
Synthetic_300M,Synthetic 300 Mb,25,25,5,KSSD-Array then ntHash,53.178180865456,52.767633823458,1.007780281439,YES
Synthetic_300M,Synthetic 300 Mb,26,26,1,KSSD-Array then ntHash,57.807794815952,56.772675403817,1.018232704462,YES
Synthetic_300M,Synthetic 300 Mb,26,26,2,ntHash then KSSD-Array,58.126668509707,56.755685607035,1.024155868932,YES
Synthetic_300M,Synthetic 300 Mb,26,26,3,KSSD-Array then ntHash,58.136376917454,56.760006134698,1.024248954087,YES
Synthetic_300M,Synthetic 300 Mb,26,26,4,ntHash then KSSD-Array,58.109361761520,56.735210792220,1.024220425907,YES
Synthetic_300M,Synthetic 300 Mb,26,26,5,KSSD-Array then ntHash,58.147801271187,55.990017509746,1.038538722748,YES
Synthetic_300M,Synthetic 300 Mb,27,27,1,KSSD-Array then ntHash,54.188349943728,54.199753338650,0.999789604302,NO
Synthetic_300M,Synthetic 300 Mb,27,27,2,ntHash then KSSD-Array,54.150660791269,54.184234071366,0.999380386552,NO
Synthetic_300M,Synthetic 300 Mb,27,27,3,KSSD-Array then ntHash,54.176614853808,54.232075024084,0.998977354817,NO
Synthetic_300M,Synthetic 300 Mb,27,27,4,ntHash then KSSD-Array,53.682751022785,54.422591049019,0.986405644936,NO
Synthetic_300M,Synthetic 300 Mb,27,27,5,KSSD-Array then ntHash,54.204728477746,54.447049145951,0.995549425139,NO
Synthetic_300M,Synthetic 300 Mb,28,28,1,KSSD-Array then ntHash,55.528376364209,51.898624673068,1.069939265520,YES
Synthetic_300M,Synthetic 300 Mb,28,28,2,ntHash then KSSD-Array,55.469050774626,51.771305097495,1.071424617752,YES
Synthetic_300M,Synthetic 300 Mb,28,28,3,KSSD-Array then ntHash,55.421506108013,51.904180697625,1.067765743782,YES
Synthetic_300M,Synthetic 300 Mb,28,28,4,ntHash then KSSD-Array,55.261233528093,51.824519962354,1.066314431243,YES
Synthetic_300M,Synthetic 300 Mb,28,28,5,KSSD-Array then ntHash,55.460837958321,51.787767769103,1.070925439490,YES
Synthetic_300M,Synthetic 300 Mb,29,29,1,KSSD-Array then ntHash,53.584671017440,54.126030990282,0.989998158687,NO
Synthetic_300M,Synthetic 300 Mb,29,29,2,ntHash then KSSD-Array,53.711498620214,54.114088107854,0.992560357169,NO
Synthetic_300M,Synthetic 300 Mb,29,29,3,KSSD-Array then ntHash,53.351118607822,53.545167632285,0.996375975031,NO
Synthetic_300M,Synthetic 300 Mb,29,29,4,ntHash then KSSD-Array,53.344875696641,54.129114941013,0.985511692825,NO
Synthetic_300M,Synthetic 300 Mb,29,29,5,KSSD-Array then ntHash,53.167426583106,53.523721805176,0.993343227824,NO
Synthetic_300M,Synthetic 300 Mb,30,30,1,KSSD-Array then ntHash,58.351592804811,52.954019396859,1.101929437452,YES
Synthetic_300M,Synthetic 300 Mb,30,30,2,ntHash then KSSD-Array,58.415779699665,53.012292154109,1.101928955078,YES
Synthetic_300M,Synthetic 300 Mb,30,30,3,KSSD-Array then ntHash,58.468410617371,53.012658151850,1.102914146465,YES
Synthetic_300M,Synthetic 300 Mb,30,30,4,ntHash then KSSD-Array,58.474725736414,53.015182474811,1.102980750169,YES
Synthetic_300M,Synthetic 300 Mb,30,30,5,KSSD-Array then ntHash,58.444151664730,52.968516550626,1.103375277819,YES
Synthetic_300M,Synthetic 300 Mb,31,31,1,KSSD-Array then ntHash,52.752565332796,51.167562456196,1.030976712599,YES
Synthetic_300M,Synthetic 300 Mb,31,31,2,ntHash then KSSD-Array,52.730739706031,51.206477805901,1.029766974130,YES
Synthetic_300M,Synthetic 300 Mb,31,31,3,KSSD-Array then ntHash,52.688947396530,51.165018232632,1.029784591436,YES
Synthetic_300M,Synthetic 300 Mb,31,31,4,ntHash then KSSD-Array,52.751461025462,51.195108965207,1.030400405267,YES
Synthetic_300M,Synthetic 300 Mb,31,31,5,KSSD-Array then ntHash,52.740475356033,50.866525758529,1.036840526644,YES
Synthetic_300M,Synthetic 300 Mb,32,32,1,KSSD-Array then ntHash,62.257786446823,48.846124532211,1.274569621297,YES
Synthetic_300M,Synthetic 300 Mb,32,32,2,ntHash then KSSD-Array,62.215248357824,48.838745618899,1.273891201943,YES
Synthetic_300M,Synthetic 300 Mb,32,32,3,KSSD-Array then ntHash,62.334878444145,48.845041257958,1.276176185725,YES
Synthetic_300M,Synthetic 300 Mb,32,32,4,ntHash then KSSD-Array,62.233950803667,48.751900691151,1.276544092053,YES
Synthetic_300M,Synthetic 300 Mb,32,32,5,KSSD-Array then ntHash,62.333449805555,48.779859472568,1.277852180788,YES
