public_path	category	authoritative_source	source_size_bytes	source_sha256	public_size_bytes	public_sha256	transformation
README.md	release_documentation	release_authored	6193	83624843f554f643c56f25a3bbfd9bb8c7ac904b70b388da1db3978cd0530bba	6193	83624843f554f643c56f25a3bbfd9bb8c7ac904b70b388da1db3978cd0530bba	none
figure2_single_thread/FIGURE2_FINAL_REPORT.md	accepted_result_or_provenance	$KSSD_RELEASE_HOST/KSSD-Array-formal-results/final-validation-20260731-162115/02_figure2_final/FIGURE2_FINAL_REPORT.md	2592	764a5f4cabbd1fc48ef2a9e8c274164fcf36f955fd85bf83489a285308ec6c64	2087	3ae99d5fc4618014c48c915041ffbb4f8c614f23a6a689fe74d92d3679f204b3	public_documentation_or_figure_updated_20260804
figure2_single_thread/Figure2_final.pdf	accepted_result_or_provenance	$KSSD_RELEASE_HOST/KSSD-Array-formal-results/final-validation-20260731-162115/02_figure2_final/Figure2_final.pdf	10884	b3f74b6c3db4abdb0b0a064f353c73baca0532da993149b23a94350d1dd66b10	11350	a6aa0fac5e1ea4bb4eed4ff6c10e966726c89317afc4a55e57316a39873d6c70	exact_historical_script_redraw_from_accepted_final_data
figure2_single_thread/Figure2_final.png	accepted_result_or_provenance	$KSSD_RELEASE_HOST/KSSD-Array-formal-results/final-validation-20260731-162115/02_figure2_final/Figure2_final.png	219955	6742b855f41926ac918e9dcd5fe62668be14e1a9409d6e14a3ee095747b87ac4	231338	b8b978f42f28cfe4d3ecbdddc8fdb98c11af5f4d13ad45e5a1e271549acda3d5	exact_historical_script_redraw_from_accepted_final_data
figure2_single_thread/INDEPENDENT_VALIDATION.txt	accepted_result_or_provenance	$KSSD_RELEASE_HOST/KSSD-Array-formal-results/final-validation-20260731-162115/02_figure2_final/INDEPENDENT_VALIDATION.txt	833	4c7fa594e3729d08b47948e1d22fff80dd09762d43a0fcf09bc4414f50d0d425	833	4c7fa594e3729d08b47948e1d22fff80dd09762d43a0fcf09bc4414f50d0d425	none
figure2_single_thread/README.md	release_documentation	release_authored	1171	6b4fa0d97e48de194442de1bb24589c1295da2ec7de7aa6e820d15e82a66aa88	1171	6b4fa0d97e48de194442de1bb24589c1295da2ec7de7aa6e820d15e82a66aa88	none
figure2_single_thread/build_manifest.txt	accepted_result_or_provenance	$KSSD_RELEASE_HOST/KSSD-Array-formal-results/final-validation-20260731-162115/02_figure2_final/build_manifest.txt	16475	44c8e8722cf652b95a945ebb1a5e422bfcdefdafb86131461ea8d69df14259fd	16580	ae147417532351d4c43b7c796e12c2bbddb9aaca81ba96e2842af4bffc46d0db	developer_paths_replaced
figure2_single_thread/commands.sh	accepted_result_or_provenance	$KSSD_RELEASE_HOST/KSSD-Array-formal-results/final-validation-20260731-162115/02_figure2_final/commands.sh	513	71bd8e61207ccc9da1f2692c097ca3f96eeb36d1f61676243a0efe28c1bb3475	525	4f207cb24decee14963fb26361185c306ff7d3328f549103d29db65d5a3b4ffa	developer_paths_replaced
figure2_single_thread/environment.txt	accepted_result_or_provenance	$KSSD_RELEASE_HOST/KSSD-Array-formal-results/final-validation-20260731-162115/02_figure2_final/environment.txt	3779	21939b76fcc5c9a8f4ecda8760bfa3bf09419731b73838c57dadd0c971c733fd	3725	f6b3d079bbb4218740abee67cb80add067393e842ce6aa1079bd608f90469e72	locale_labels_translated_to_ASCII
figure2_single_thread/executable_sha256.tsv	accepted_result_or_provenance	$KSSD_RELEASE_HOST/KSSD-Array-formal-results/final-validation-20260731-162115/02_figure2_final/executable_sha256.tsv	2816	78348d9c10a8b3c4c7dffa87c93b0bdc7a92450ee811f7873a705275f11fec8e	2845	b8f723703fedda8d91302f79a96685051e8351a24a308e7fc5cb79e7925a021f	developer_paths_replaced;line_endings_normalized_to_LF
figure2_single_thread/figure2_ranking_summary.csv	accepted_result_or_provenance	$KSSD_RELEASE_HOST/KSSD-Array-formal-results/final-validation-20260731-162115/02_figure2_final/figure2_ranking_summary.csv	8848	eac03f161e8510b1ea6d5ffafb7c0288e81a2c0fa97f09a456e0882ec82a6fe0	8817	fa7b2e75d0b0f68092391b8ca28821034c80cca5968e3d6f731316c926a9f9ce	line_endings_normalized_to_LF
figure2_single_thread/figure2_raw.csv	accepted_result_or_provenance	$KSSD_RELEASE_HOST/KSSD-Array-formal-results/final-validation-20260731-162115/02_figure2_final/figure2_raw.csv	305138	b1b56732df6495445b8e48a257d49687269c0f29df75ebef6b4cfca6769adae1	308887	6efa6301a7d7edd3630784bb5e4d11a27e571b87629d3e8c246e1c7a46c925e6	developer_paths_replaced;line_endings_normalized_to_LF
figure2_single_thread/figure2_summary.csv	accepted_result_or_provenance	$KSSD_RELEASE_HOST/KSSD-Array-formal-results/final-validation-20260731-162115/02_figure2_final/figure2_summary.csv	20270	86a12a2696a200a303befc30afe720d134bf6248775abae9c2a7b2bef346e6be	20119	d527cea80b16d9ef6808b40becaad4795fb5b476f6495f9a1283c21dfa3fef4d	line_endings_normalized_to_LF
figure2_single_thread/input_sha256.tsv	accepted_result_or_provenance	$KSSD_RELEASE_HOST/KSSD-Array-formal-results/final-validation-20260731-162115/02_figure2_final/input_sha256.tsv	519	0dca96c1b2e5bef3483a04dc23d92363bacdbea9487084233c05bf1013bf5695	522	6c8ac68c4308400d86c17cba6a6be633666680bb2494935657e00961abcca027	developer_paths_replaced;line_endings_normalized_to_LF
figure2_single_thread/output_sha256.tsv	accepted_result_or_provenance	$KSSD_RELEASE_HOST/KSSD-Array-formal-results/final-validation-20260731-162115/02_figure2_final/output_sha256.tsv	23396	5d253b9ac5911a7ec790c90f249d8940311fa1b893dc6ce5e2ce59361875bb66	23289	305e8ee2b45f8d1685ee974aad761cdd3fba2abc60b695cd1209ccff2dfc6876	public_hash_inventory_updated_for_exact_script_figures;public_documentation_or_figure_updated_20260804
figure2_single_thread/plot_figure2_final_exact_old_style.R	workflow_source	$KSSD_RELEASE_HOST/KSSD-Array_figure_text_revised_20260729/scripts/render_figures_4_1_4_3.R	6381	c82a4f91cbf30c971914e7c5dd4d68038a36d02dd91132023ee9f553c9c2dd77	5103	040064503a03d94c57120d604249315903b428e0c4932ecb7a3ac4067e418417	accepted_data_adapter_from_exact_historical_script;public_documentation_or_figure_updated_20260804
figure2_single_thread/run_manifest.txt	accepted_result_or_provenance	$KSSD_RELEASE_HOST/KSSD-Array-formal-results/final-validation-20260731-162115/02_figure2_final/run_manifest.txt	34258	82a7b4f62a5226bd60265f63dc824c09d6fe0a4679699ec992060fa017afe2ae	35173	89b399a63447a0de6b30b7ca03cad4bf5876a08300e60f8ea54c31822c2087c1	developer_paths_replaced
figure3_multithread/FIGURE3_FINAL_REPORT.md	accepted_result_or_provenance	$KSSD_RELEASE_HOST/KSSD-Array-formal-results/final-validation-20260731-162115/03_figure3_final/FIGURE3_FINAL_REPORT.md	2639	1315e8fe422b83d3a8a8094bf0fa190efd5f3cd49baa9bc176ff7db1bddd09ea	2639	1315e8fe422b83d3a8a8094bf0fa190efd5f3cd49baa9bc176ff7db1bddd09ea	none
figure3_multithread/Figure3_final.pdf	accepted_result_or_provenance	$KSSD_RELEASE_HOST/KSSD-Array-formal-results/final-validation-20260731-162115/03_figure3_final/Figure3_final.pdf	11909	f176a48c6313bb626607565a5feb269f1a2883899849ebd908d15e4f373bd603	11508	fd2f355f01d65f79c115ea2dcc278f723b1fb0e8a84d5c4b068e81afb429bff5	exact_historical_script_redraw_from_accepted_final_data
figure3_multithread/Figure3_final.png	accepted_result_or_provenance	$KSSD_RELEASE_HOST/KSSD-Array-formal-results/final-validation-20260731-162115/03_figure3_final/Figure3_final.png	322849	d8e41a7150d80b958cc1419232dd0751516dfe48ae3023b64b3c65e2cc66f519	311542	ab1f4140a1e3415aa22dd4b8d43449b147269c74aa3787eec3ef0431bd228766	exact_historical_script_redraw_from_accepted_final_data
figure3_multithread/INDEPENDENT_VALIDATION.txt	accepted_result_or_provenance	$KSSD_RELEASE_HOST/KSSD-Array-formal-results/final-validation-20260731-162115/03_figure3_final/INDEPENDENT_VALIDATION.txt	1028	6727271608d0fbc9fe739fd26058d73968eb690ad3439aa745e49b7a3fa65f12	1028	6727271608d0fbc9fe739fd26058d73968eb690ad3439aa745e49b7a3fa65f12	none
figure3_multithread/README.md	release_documentation	release_authored	1027	733a84a00f6da9d8a0083e39adb81e8c0b4a52a36e53fdcaa9550e7b0cf4e988	1027	733a84a00f6da9d8a0083e39adb81e8c0b4a52a36e53fdcaa9550e7b0cf4e988	none
figure3_multithread/affinity.txt	accepted_result_or_provenance	$KSSD_RELEASE_HOST/KSSD-Array-formal-results/final-validation-20260731-162115/03_figure3_final/affinity.txt	1594	01360ad2eab9959d88f2831ff937c0782452ee2f9a9b31405b990e3befcaf45c	1594	044da24dcc7590ee2b9a61db2c7172936264a00de377ebc391586338186d2889	locale_labels_translated_to_ASCII
figure3_multithread/build_manifest.txt	accepted_result_or_provenance	$KSSD_RELEASE_HOST/KSSD-Array-formal-results/final-validation-20260731-162115/03_figure3_final/build_manifest.txt	5427	1d6f591ca69d0f6c084db369411c1feabcfdead8991d09c22d5876cca541b7fb	5445	60299f239befb5ed1899bc7ca194b5bda8c971aefa6bf132b202fc991b9d473d	developer_paths_replaced
figure3_multithread/commands.sh	accepted_result_or_provenance	$KSSD_RELEASE_HOST/KSSD-Array-formal-results/final-validation-20260731-162115/03_figure3_final/commands.sh	507	5f836cc146d2ee7cba9018db704637f0ddc797a4d1e1f22e5a086e6b9ce3a12d	519	4cea432c771572f6d69d5b99fb25eb5fb3285715cdd99a39e8785c2260212e24	developer_paths_replaced
figure3_multithread/environment.txt	accepted_result_or_provenance	$KSSD_RELEASE_HOST/KSSD-Array-formal-results/final-validation-20260731-162115/03_figure3_final/environment.txt	4597	3cf4dd9340dba9da9c4baa6eae1b54d123fc59f8656e7d7a7a76b33efec6468e	4518	62bbedb6fb1ed8c47055d09362ca5c0397c6e9b2d71ab3d1832edc70e1913411	locale_labels_translated_to_ASCII;developer_paths_replaced
figure3_multithread/executable_sha256.tsv	accepted_result_or_provenance	$KSSD_RELEASE_HOST/KSSD-Array-formal-results/final-validation-20260731-162115/03_figure3_final/executable_sha256.tsv	591	ea5fb06cf9159ce126049b099ab9aa47b1832692240fb97deffce109ed061004	596	1e4bc13fd6cd1e5220ab93d63a844d86c1ea827cc9e92ff2af6fc1a2395ebaab	developer_paths_replaced;line_endings_normalized_to_LF
figure3_multithread/figure3_ranking_comparison.csv	accepted_result_or_provenance	$KSSD_RELEASE_HOST/KSSD-Array-formal-results/final-validation-20260731-162115/03_figure3_final/figure3_ranking_comparison.csv	5808	1f40bb5fd0b99b7abab4a430a93a84d7dd0a9d37fbd880c8df2ea45cc9fae8ad	5777	b3644628a9d7b2ebbbb6ec7e8c468d789587af07040d0a3222d89446b7672f5f	line_endings_normalized_to_LF
figure3_multithread/figure3_raw.csv	accepted_result_or_provenance	$KSSD_RELEASE_HOST/KSSD-Array-formal-results/final-validation-20260731-162115/03_figure3_final/figure3_raw.csv	386934	77c7c3acba159010e7453b7668ffa0b4448fb6467b012a6efa870a83803ef7ab	390683	8b110c23ad8fde71eedf20a51f9d6c42a874120a9034697136c6bb0f8d200eb9	developer_paths_replaced;line_endings_normalized_to_LF
figure3_multithread/figure3_scaling_summary.csv	accepted_result_or_provenance	$KSSD_RELEASE_HOST/KSSD-Array-formal-results/final-validation-20260731-162115/03_figure3_final/figure3_scaling_summary.csv	29578	7a6b4d2c085e27b0abdacb9f43f7b4bc71ccaf56be1a6cef0ad6847cc550f8d3	29427	b39b2bffa5015d31fa7d00b91d3bc15db4d08c57fc55755016ff6d547d6539f9	line_endings_normalized_to_LF
figure3_multithread/figure3_summary.csv	accepted_result_or_provenance	$KSSD_RELEASE_HOST/KSSD-Array-formal-results/final-validation-20260731-162115/03_figure3_final/figure3_summary.csv	22523	7ddf81e416e16f9ab03cde1ff106be155f4545a348f1ee866116bbf624fa8c24	22372	71f0273d889818dea36e88037e4b0a48709a2e7c9722289c7593aade5b2ed290	line_endings_normalized_to_LF
figure3_multithread/figure3_thread_validation.csv	accepted_result_or_provenance	$KSSD_RELEASE_HOST/KSSD-Array-formal-results/final-validation-20260731-162115/03_figure3_final/figure3_thread_validation.csv	160653	41086b558a129fbca455dbf415d87d346c724dd7c4c453d967d02509657044b5	162152	9dbec5dc43119d688cc06ca2cac1abeec7f8bb3e4217a5bf23908e34678ca88a	developer_paths_replaced;line_endings_normalized_to_LF
figure3_multithread/input_sha256.tsv	accepted_result_or_provenance	$KSSD_RELEASE_HOST/KSSD-Array-formal-results/final-validation-20260731-162115/03_figure3_final/input_sha256.tsv	519	0dca96c1b2e5bef3483a04dc23d92363bacdbea9487084233c05bf1013bf5695	522	6c8ac68c4308400d86c17cba6a6be633666680bb2494935657e00961abcca027	developer_paths_replaced;line_endings_normalized_to_LF
figure3_multithread/output_sha256.tsv	accepted_result_or_provenance	$KSSD_RELEASE_HOST/KSSD-Array-formal-results/final-validation-20260731-162115/03_figure3_final/output_sha256.tsv	22598	ec1453dbc44f33e26a65b4de3a3a4186a4086ce02d421e4e25c1be4f5bf74dfb	22515	577df9df9f540e3fc2e152691e2eb52af8da67a7d910e7b4e17b2a486804ad3f	public_hash_inventory_updated_for_exact_script_figures
figure3_multithread/plot_figure3_final_exact_old_style.R	workflow_source	$KSSD_RELEASE_HOST/KSSD-Array_figure_text_revised_20260729/scripts/render_figures_4_1_4_3.R	6381	c82a4f91cbf30c971914e7c5dd4d68038a36d02dd91132023ee9f553c9c2dd77	5589	db2ed305242e26d84c1b305ebe05a9722e9988ce26bb942d4bfb847a9745391b	accepted_data_adapter_from_exact_historical_script;public_documentation_or_figure_updated_20260804
figure3_multithread/run_manifest.txt	accepted_result_or_provenance	$KSSD_RELEASE_HOST/KSSD-Array-formal-results/final-validation-20260731-162115/03_figure3_final/run_manifest.txt	79499	d92b2c23d484f95937a65a25190dcb557952b7e9120b3ee925260a3fede342de	80429	55e8dcbccf6a22f632d2e0082003364e9ad90d5d97f95dbe3b3083754cd225df	developer_paths_replaced
figure4_bucket_balance/README.md	release_documentation	release_authored	4044	f45e3bab7c8d8ebed1491ad2ae0686d2cab4d96deae0a65b14aac1b0508014ac	4044	f45e3bab7c8d8ebed1491ad2ae0686d2cab4d96deae0a65b14aac1b0508014ac	none
figure4_bucket_balance/build_manifest.txt	accepted_result_or_provenance	$KSSD_RELEASE_HOST/KSSD-Array-formal-results/figure4-20260727-phase4d/build_manifest.txt	867	5bc79ad3de29a4a031fb8ea5f8380c9f0f83972321e952abd698280012fe528d	870	7115e389358c6289c75a45cddf6b805c6e5fe1df7eb72c8e4c9e9dc2805c9d10	developer_paths_replaced
figure4_bucket_balance/figure4_bucket_balance.pdf	accepted_result_or_provenance	$KSSD_RELEASE_HOST/KSSD-Array-formal-results/figure4-20260727-phase4d/figure4_bucket_balance.pdf	746841	68b8ccf8e9ae19f51b63db39e66433d8230e2fc91b451711f95ebd031f4a07f1	746852	ccf22a418d35f21dce624c3905a23e3d80c09bb8c80c8ddbd55fc63b5baa0015	display_label_case_only_Wyhash_to_wyhash
figure4_bucket_balance/figure4_bucket_balance.png	accepted_result_or_provenance	$KSSD_RELEASE_HOST/KSSD-Array-formal-results/figure4-20260727-phase4d/figure4_bucket_balance.png	523735	625359beac7c6ffcbf506ecad0c7b92d1ad490a2af1c58e651adcfc7cbf13897	523226	de7bcf8ef7acbf68896a8b4529ea2d8ba1130c0f8209c0a921ff09db03f5f2ed	display_label_case_only_Wyhash_to_wyhash
figure4_bucket_balance/figure4_bucket_balance_raw.csv	accepted_result_or_provenance	$KSSD_RELEASE_HOST/KSSD-Array-formal-results/figure4-20260727-phase4d/figure4_bucket_balance_raw.csv	3651368	9b44faf7486931058f72154afa9c8cda59eedf26572864459268573faa1d4bc6	3651368	9b44faf7486931058f72154afa9c8cda59eedf26572864459268573faa1d4bc6	none
figure4_bucket_balance/figure4_bucket_balance_summary.csv	accepted_result_or_provenance	$KSSD_RELEASE_HOST/KSSD-Array-formal-results/figure4-20260727-phase4d/figure4_bucket_balance_summary.csv	28013	bd657e4c3bcae1d8d67bd85b5bb47fac932f41f0da31acab1eb1ecc1732967f1	28013	bd657e4c3bcae1d8d67bd85b5bb47fac932f41f0da31acab1eb1ecc1732967f1	none
figure4_bucket_balance/output_sha256.tsv	release_documentation	release_authored	798	65f5a6a68b17f2fe5f016069507a05b3eed7bf9c7c97e0e998869a09d4e87962	798	65f5a6a68b17f2fe5f016069507a05b3eed7bf9c7c97e0e998869a09d4e87962	none
figure4_bucket_balance/plot_figure4_bucket_balance.py	workflow_source	repository:reproducibility/figure4/plot_figure4_bucket_balance.py	6275	20524323363ff69c036e0a2e88a894b05491a722a2a8d423c2f734a5a85c0f69	6275	20524323363ff69c036e0a2e88a894b05491a722a2a8d423c2f734a5a85c0f69	none
figure4_bucket_balance/run_manifest.txt	accepted_result_or_provenance	$KSSD_RELEASE_HOST/KSSD-Array-formal-results/figure4-20260727-phase4d/run_manifest.txt	685142	1a871e5af04be900095b2130829e6aadbd4f5cc9dc092823f9c1e14eb8bb2884	701342	2e0088cd728194a025ecd745e9c9895b0dcd1feb84271b83c9f0baf7f8ac0a10	developer_paths_replaced
source_binding.tsv	release_documentation	release_authored	1920	b2ff0bbd509db25578d980806feb16d3ad71f5c3c0bba8f5d78a5b0e76951331	1920	b2ff0bbd509db25578d980806feb16d3ad71f5c3c0bba8f5d78a5b0e76951331	none
supplementary_s1_minimap2_inline/INLINE_API_EQUIVALENCE_REPORT.md	validated_source_evidence	git:35a545c62f5558fd0653d0d328036938f4dd38f0:INLINE_API_EQUIVALENCE_REPORT.md	1995	127e1e1a9d77be12b2894acf5454c04a857fd341860ad0eac0ac2aa9c05edd50	1995	127e1e1a9d77be12b2894acf5454c04a857fd341860ad0eac0ac2aa9c05edd50	none
supplementary_s1_minimap2_inline/MINIMAP2_INLINE_ASSEMBLY_REPORT.md	validated_source_evidence	git:35a545c62f5558fd0653d0d328036938f4dd38f0:MINIMAP2_INLINE_ASSEMBLY_REPORT.md	3714	f126af74c375a932ee849b9fe99a525dd9f5e3177701c9eb3f68d29bf3843f8c	3714	f126af74c375a932ee849b9fe99a525dd9f5e3177701c9eb3f68d29bf3843f8c	none
supplementary_s1_minimap2_inline/MINIMAP2_INLINE_OUTPUT_EQUIVALENCE.md	validated_source_evidence	git:35a545c62f5558fd0653d0d328036938f4dd38f0:MINIMAP2_INLINE_OUTPUT_EQUIVALENCE.md	2362	71b7b5f25e768d06203fc43946f809a0ba242db0ba394091d167dc9d0721c22b	2362	71b7b5f25e768d06203fc43946f809a0ba242db0ba394091d167dc9d0721c22b	none
supplementary_s1_minimap2_inline/README.md	release_documentation	release_authored	1193	86f7b9cca31638b72066f626bdab8111bd36c96f6d894e74e76253f231c3caeb	1193	86f7b9cca31638b72066f626bdab8111bd36c96f6d894e74e76253f231c3caeb	none
supplementary_s1_minimap2_inline/S1_INLINE_FINAL_REPORT.md	accepted_result_or_provenance	$KSSD_RELEASE_HOST/KSSD-Array-formal-results/minimap2-indexing-s1-inline-final-20260731-214500/S1_INLINE_FINAL_REPORT.md	3142	7008148b34b13a7b7b84f5bb92a1afa0ca293a6bc853bb6b1653e0cad20448f4	3083	0a72130ca3c18ad65cf60ec0124ef542333a3ea251e1fbefed5ea3f9dd7392c9	public_documentation_or_figure_updated_20260804
supplementary_s1_minimap2_inline/build_manifest.txt	accepted_result_or_provenance	$KSSD_RELEASE_HOST/KSSD-Array-formal-results/minimap2-indexing-s1-inline-final-20260731-214500/build_manifest.txt	3101	927fddad30037761e8d619ca5a55cbe5e3b6f5a8e5e5bf35c0761a76f68ee9de	3119	907782eb15359857432222505d47485882c4bc3804acb6dfb0ee935375afb4af	developer_paths_replaced
supplementary_s1_minimap2_inline/commands.sh	accepted_result_or_provenance	$KSSD_RELEASE_HOST/KSSD-Array-formal-results/minimap2-indexing-s1-inline-final-20260731-214500/commands.sh	13447	675bead0e19a8641c52a71434ba899b21baf109969f815568064836a20403066	13771	ddf38104c63b08ba30daea2937730ee9d7d45b9c0a75c16c8bac8ba0b8c1e0f9	developer_paths_replaced
supplementary_s1_minimap2_inline/environment.txt	accepted_result_or_provenance	$KSSD_RELEASE_HOST/KSSD-Array-formal-results/minimap2-indexing-s1-inline-final-20260731-214500/environment.txt	4204	d71e8a9df5f7337f1e47920cd2c67e04cf7566d1f55b354f3c56af9bbd6c2e40	4107	5b61c9887c2e38d671eacc45b02faf0f7675bcfb8785a3999bb16b22a2b24d56	locale_labels_translated_to_ASCII;developer_paths_replaced
supplementary_s1_minimap2_inline/executable_sha256.tsv	accepted_result_or_provenance	$KSSD_RELEASE_HOST/KSSD-Array-formal-results/minimap2-indexing-s1-inline-final-20260731-214500/executable_sha256.tsv	508	54671e2dcf9a8334569dd27cb4ecbfca59922d273864591b2b11194ac782bf15	511	a6d48110149d15f59157d5bdda2ec073341ff24d6a164996b1b04a02d75baf0d	developer_paths_replaced;line_endings_normalized_to_LF
supplementary_s1_minimap2_inline/input_sha256.tsv	accepted_result_or_provenance	$KSSD_RELEASE_HOST/KSSD-Array-formal-results/minimap2-indexing-s1-inline-final-20260731-214500/input_sha256.tsv	623	2c543b1b9018679ddd6c559fc8476cceab4639e573d0ea6bc52fe7d75e4fe696	628	66deb24cbd752fa29d57ff7f590578d377c54c6a1b04e33e330344cabef1141c	developer_paths_replaced;line_endings_normalized_to_LF
supplementary_s1_minimap2_inline/output_sha256.tsv	accepted_result_or_provenance	$KSSD_RELEASE_HOST/KSSD-Array-formal-results/minimap2-indexing-s1-inline-final-20260731-214500/output_sha256.tsv	49280	6e977fc117b09cc86c460ca07a61305435779783ed4666d95f99cdb625f4b37d	48934	cb053a6996950be1f55c34f790e93831dce27a04e7d02c770811cda29f92c719	public_hash_inventory_updated_for_exact_script_figures;public_documentation_or_figure_updated_20260804
supplementary_s1_minimap2_inline/plot_s1_final_exact_old_style.py	workflow_source	$KSSD_RELEASE_HOST/KSSD-Array_figure_text_revised_20260729/scripts/render_supplementary_s1.py	4480	54867bb05c3cc5a835bf313623a8e03891ed60d16a0c34e171480821bdcd3296	4607	3f18c1aca862af3ef7a491c80ea3f82aaff08c4ee23cdfa8dfc8b1d4bb5a5661	accepted_data_adapter_from_exact_historical_script
supplementary_s1_minimap2_inline/run_manifest.txt	accepted_result_or_provenance	$KSSD_RELEASE_HOST/KSSD-Array-formal-results/minimap2-indexing-s1-inline-final-20260731-214500/run_manifest.txt	1721	863482929c177db81eefa20553945953bf68a46efa514b45d96d07e7a70a2d9c	1733	dac5ad346c15147b8d24ee74f3b9b83b0e95027b7e3f7b40ac86c965a76efa87	developer_paths_replaced
supplementary_s1_minimap2_inline/supplementary_figure_s1_final.pdf	accepted_result_or_provenance	$KSSD_RELEASE_HOST/KSSD-Array-formal-results/minimap2-indexing-s1-inline-final-20260731-214500/supplementary_figure_s1_final.pdf	735379	864d02314f8689b4cf2f1c42052798f3b775bba44671dbda5a8eaee3a3fb080f	735371	b7696dc1defa97ace3ac3adc751a52e20b4d17275b9a798cc872a06cefe9dc47	exact_historical_script_redraw_from_accepted_final_data
supplementary_s1_minimap2_inline/supplementary_figure_s1_final.png	accepted_result_or_provenance	$KSSD_RELEASE_HOST/KSSD-Array-formal-results/minimap2-indexing-s1-inline-final-20260731-214500/supplementary_figure_s1_final.png	103039	bc3681981518ed02a252469b991a97722e88db604f3f4aa9f9cb4154b3403758	103228	812d571a0005a719eed654a83f4246b6b3904f46ef806d6e94646f1148b9ac73	exact_historical_script_redraw_from_accepted_final_data
supplementary_s1_minimap2_inline/supplementary_indexing_pairwise_ratios.csv	accepted_result_or_provenance	$KSSD_RELEASE_HOST/KSSD-Array-formal-results/minimap2-indexing-s1-inline-final-20260731-214500/supplementary_indexing_pairwise_ratios.csv	3038	dc8ea9c0123857d55a5d210a452308611a0ce0ec1d56b46cd9934096b2711a06	3022	d5779ef03030bd1dc3b2ef8f07b99a9e76d25cc0092ac89f80b6bf88ec1036eb	line_endings_normalized_to_LF
supplementary_s1_minimap2_inline/supplementary_indexing_raw.csv	accepted_result_or_provenance	$KSSD_RELEASE_HOST/KSSD-Array-formal-results/minimap2-indexing-s1-inline-final-20260731-214500/supplementary_indexing_raw.csv	48796	69750391ed96c7dbaa08e458974d3cd63ad366c4d93ac9bf1175e96508d3b545	49575	29367aeddd19ebe31e2b567895809fd9f254a847943cdb4686b3a69db3194250	developer_paths_replaced;line_endings_normalized_to_LF
supplementary_s1_minimap2_inline/supplementary_indexing_summary.csv	accepted_result_or_provenance	$KSSD_RELEASE_HOST/KSSD-Array-formal-results/minimap2-indexing-s1-inline-final-20260731-214500/supplementary_indexing_summary.csv	3882	3e886e0c16fb7d725ca5be6b88ef7eff3e0886bcf70b1be384ade6118d57b30f	3875	0f04dde37f8f7297c8a9bf9056cdc6b3ae3a767e7f6847e45455d78403e08cc6	line_endings_normalized_to_LF
supplementary_s1_minimap2_inline/supplementary_table_s1_final.csv	accepted_result_or_provenance	$KSSD_RELEASE_HOST/KSSD-Array-formal-results/minimap2-indexing-s1-inline-final-20260731-214500/supplementary_table_s1_final.csv	1129	bc6c025bd63e683dca63348ccf029edb88356c06e5dbee1571c9c84263ecd7cc	1122	53a8f714d8ca75df355b21c72797172e6140b4c7bb53b66c22772ff53d2aed85	line_endings_normalized_to_LF
supplementary_s2_mapping/HISTORICAL_METRIC_REPRODUCTION.tsv	accepted_result_or_provenance	$KSSD_RELEASE_HOST/KSSD-Array-formal-results/minimap2-alignment-s2-corrected-20260804-145013/HISTORICAL_METRIC_REPRODUCTION.tsv	1099	6ae5ed79624aeca77114fcea47de2b78899a0827a6926613c1d1ef1bdbde56d7	1099	6ae5ed79624aeca77114fcea47de2b78899a0827a6926613c1d1ef1bdbde56d7	none
supplementary_s2_mapping/HISTORICAL_METRIC_REPRODUCTION_REPORT.md	accepted_result_or_provenance	$KSSD_RELEASE_HOST/KSSD-Array-formal-results/minimap2-alignment-s2-corrected-20260804-145013/HISTORICAL_METRIC_REPRODUCTION_REPORT.md	778	e446ba42768f550884e0bf00d1fb677009410e8e15ff17fa13b8817465942f73	778	e446ba42768f550884e0bf00d1fb677009410e8e15ff17fa13b8817465942f73	none
supplementary_s2_mapping/HISTORICAL_VS_CORRECTED_S2_COMPARISON.md	accepted_result_or_provenance	$KSSD_RELEASE_HOST/KSSD-Array-formal-results/minimap2-alignment-s2-corrected-20260804-145013/HISTORICAL_VS_CORRECTED_S2_COMPARISON.md	2787	29ff1ff8eaef8c1ef8270472e342c221e257425d58a95ab9a91d34cd74204211	2787	29ff1ff8eaef8c1ef8270472e342c221e257425d58a95ab9a91d34cd74204211	none
supplementary_s2_mapping/HISTORICAL_VS_CORRECTED_S2_COMPARISON.tsv	accepted_result_or_provenance	$KSSD_RELEASE_HOST/KSSD-Array-formal-results/minimap2-alignment-s2-corrected-20260804-145013/HISTORICAL_VS_CORRECTED_S2_COMPARISON.tsv	1086	debf2e4164ac0de2eb3c325591126e26bdbb93fbf4e3aaa1cff0d77bcda1e7eb	1086	debf2e4164ac0de2eb3c325591126e26bdbb93fbf4e3aaa1cff0d77bcda1e7eb	none
supplementary_s2_mapping/INPUT_AND_ARTIFACT_AUDIT.md	accepted_result_or_provenance	$KSSD_RELEASE_HOST/KSSD-Array-formal-results/minimap2-alignment-s2-corrected-20260804-145013/INPUT_AND_ARTIFACT_AUDIT.md	845	6c53b6fde361134389aeedcf34250893beb5fd093d608c8cc26e2ce09ea59949	848	be4096fa1773bebea5529bc2877ef367829affc6f86556e9108339294ede2a8f	developer_paths_replaced
supplementary_s2_mapping/README.md	release_documentation	release_authored	3165	eb6bb94fcde3d0eecda3d4ff96243109bebebb02b5a8c91f34733c4b42159d1b	3165	eb6bb94fcde3d0eecda3d4ff96243109bebebb02b5a8c91f34733c4b42159d1b	none
supplementary_s2_mapping/S2_CORRECTED_FINAL_REPORT.md	accepted_result_or_provenance	$KSSD_RELEASE_HOST/KSSD-Array-formal-results/minimap2-alignment-s2-corrected-20260804-145013/S2_CORRECTED_FINAL_REPORT.md	3224	b2b98ed044d1ad812c42f1d53217fd1a847cb87ce0eb52d5776f774a5edac7d7	3227	3cd2ffc9777abbcbfb4e004f2600d716f9d33dada5bee0a2136a01bc82e3be03	developer_paths_replaced
supplementary_s2_mapping/S2_CORRECTED_VALIDATION.tsv	accepted_result_or_provenance	$KSSD_RELEASE_HOST/KSSD-Array-formal-results/minimap2-alignment-s2-corrected-20260804-145013/S2_CORRECTED_VALIDATION.tsv	4957	840ce565ad50ce44d09d12464b7cec8774c8b8d9d6d26fbec5780337e6b4fc85	4957	840ce565ad50ce44d09d12464b7cec8774c8b8d9d6d26fbec5780337e6b4fc85	none
supplementary_s2_mapping/S2_CORRECTED_VALIDATION_REPORT.md	accepted_result_or_provenance	$KSSD_RELEASE_HOST/KSSD-Array-formal-results/minimap2-alignment-s2-corrected-20260804-145013/S2_CORRECTED_VALIDATION_REPORT.md	661	9dbc1b4c258489cd286dfa11d59f20975dc565c2f3b0e14aa396697e4eb0cb06	661	9dbc1b4c258489cd286dfa11d59f20975dc565c2f3b0e14aa396697e4eb0cb06	none
supplementary_s2_mapping/SOURCE_BINDING.md	release_documentation	release_clean_replay	936	ca58ee944b2905f13fe937809b559078bb377d7ba7df7c8ee5b5adc10fe1d76e	936	ca58ee944b2905f13fe937809b559078bb377d7ba7df7c8ee5b5adc10fe1d76e	source_binding_refreshed_after_packaging_fix
supplementary_s2_mapping/SOURCE_REPOSITORY_STATE.md	release_documentation	reproducibility/minimap2/alignment_consistency_truth_origin/provenance/SOURCE_REPOSITORY_STATE.md	973	7d1de9d3a17bceb784d33ae95816b6828dba6bfd4b5d8407bf39cf977ff7bd70	973	7d1de9d3a17bceb784d33ae95816b6828dba6bfd4b5d8407bf39cf977ff7bd70	none
supplementary_s2_mapping/TABLE_S2_CORRECTED_CAPTION.md	accepted_result_or_provenance	$KSSD_RELEASE_HOST/KSSD-Array-formal-results/minimap2-alignment-s2-corrected-20260804-145013/TABLE_S2_CORRECTED_CAPTION.md	537	a3ad2b3e1fb6cafdb4b58ec3ea21e469e4904c6da34dab9f7a152f5769e4004b	537	a3ad2b3e1fb6cafdb4b58ec3ea21e469e4904c6da34dab9f7a152f5769e4004b	none
supplementary_s2_mapping/TABLE_S2_CORRECTED_METHODS_TEXT.md	accepted_result_or_provenance	$KSSD_RELEASE_HOST/KSSD-Array-formal-results/minimap2-alignment-s2-corrected-20260804-145013/TABLE_S2_CORRECTED_METHODS_TEXT.md	1933	4896560007deaf42b37f36ec679659302b3f6ffc4dc98680365f161b2efd8bc1	1933	4896560007deaf42b37f36ec679659302b3f6ffc4dc98680365f161b2efd8bc1	none
supplementary_s2_mapping/TABLE_S2_CORRECTED_NOTE.md	accepted_result_or_provenance	$KSSD_RELEASE_HOST/KSSD-Array-formal-results/minimap2-alignment-s2-corrected-20260804-145013/TABLE_S2_CORRECTED_NOTE.md	620	52fc08ad287ec0774a5903fcb595d99ba9dbef0c8922c7cfd4aabd5c5ed51c3d	620	52fc08ad287ec0774a5903fcb595d99ba9dbef0c8922c7cfd4aabd5c5ed51c3d	none
supplementary_s2_mapping/TABLE_S2_CORRECTED_RESULTS_TEXT.md	accepted_result_or_provenance	$KSSD_RELEASE_HOST/KSSD-Array-formal-results/minimap2-alignment-s2-corrected-20260804-145013/TABLE_S2_CORRECTED_RESULTS_TEXT.md	1360	ab74aa0485fb40f4330e8048aca0964e4b8950564d3664d58b07cc7fdd1967d7	1360	ab74aa0485fb40f4330e8048aca0964e4b8950564d3664d58b07cc7fdd1967d7	none
supplementary_s2_mapping/TRUTH_ORIGIN_REPEAT_AUDIT.md	accepted_result_or_provenance	$KSSD_RELEASE_HOST/KSSD-Array-formal-results/minimap2-alignment-s2-corrected-20260804-145013/TRUTH_ORIGIN_REPEAT_AUDIT.md	1540	a6fea45ddda87bf977ba2d5ca914a9a1d0ec15bb784bb9a0367cc89b29acd062	1540	a6fea45ddda87bf977ba2d5ca914a9a1d0ec15bb784bb9a0367cc89b29acd062	none
supplementary_s2_mapping/TRUTH_ORIGIN_REPEAT_AUDIT.tsv	accepted_result_or_provenance	$KSSD_RELEASE_HOST/KSSD-Array-formal-results/minimap2-alignment-s2-corrected-20260804-145013/TRUTH_ORIGIN_REPEAT_AUDIT.tsv	16889	98e3fc57c75c92839797be3c8f9e4a4a8f38e345e88e3d064504362d34681cdc	16889	98e3fc57c75c92839797be3c8f9e4a4a8f38e345e88e3d064504362d34681cdc	none
supplementary_s2_mapping/TRUTH_SCHEMA_AUDIT.md	accepted_result_or_provenance	$KSSD_RELEASE_HOST/KSSD-Array-formal-results/minimap2-alignment-s2-corrected-20260804-145013/TRUTH_SCHEMA_AUDIT.md	3397	5b1fef3e6b0c33819d0c2da30b1966e907a026932ce852b58283ee131fa1e478	3403	4b248f9e19138d0c86c5345498b8ee6d1760d7b18c58443c95141af570b18283	developer_paths_replaced
supplementary_s2_mapping/TRUTH_SCHEMA_MANUAL_CHECKS.tsv	accepted_result_or_provenance	$KSSD_RELEASE_HOST/KSSD-Array-formal-results/minimap2-alignment-s2-corrected-20260804-145013/TRUTH_SCHEMA_MANUAL_CHECKS.tsv	3470	dd396f1e379cf7eb332bc9de0ac56c5cff7b93b4b6fcaf82a210e07a36bb6ed4	3470	dd396f1e379cf7eb332bc9de0ac56c5cff7b93b4b6fcaf82a210e07a36bb6ed4	none
supplementary_s2_mapping/bam_sha256.tsv	accepted_result_or_provenance	$KSSD_RELEASE_HOST/KSSD-Array-formal-results/minimap2-alignment-s2-corrected-20260804-145013/bam_sha256.tsv	4147	6421ffcd809cfbd28c2577c35e304e72bcb463459dd46cf0005397e7b97113de	4195	166a230e75738559e156ad56dd9fa6ac62a16334b28ba674bb05bd4bf4926e27	developer_paths_replaced
supplementary_s2_mapping/build_manifest.txt	accepted_result_or_provenance	$KSSD_RELEASE_HOST/KSSD-Array-formal-results/minimap2-alignment-s2-corrected-20260804-145013/build_manifest.txt	916	913e5bec92fb2714dcd5e081c6d30551655d037d5dec6fb9ccb13d4fb46a1976	928	b25f365cf2b94e2a98fb357e91f06ecfc2246ab9a70f985ef06051a1e038c2a3	developer_paths_replaced
supplementary_s2_mapping/commands.sh	accepted_result_or_provenance	$KSSD_RELEASE_HOST/KSSD-Array-formal-results/minimap2-alignment-s2-corrected-20260804-145013/commands.sh	1949	b9c97c4dceb7c7bcb76ec230515e6d3ab3c51fd85f1b8ae7f9186bbfd5960c04	2003	6d42c7587c5a71e175ab0de54b660493fa54d9081cf8c12c821bca4355bdc12c	developer_paths_replaced
supplementary_s2_mapping/config.json	workflow_configuration	$KSSD_RELEASE_HOST/KSSD-Array-s2-corrected-development/reproducibility/minimap2/alignment_consistency_truth_origin/config.json	4818	00a0ff8f18d9b7fd941cfed27018b9eb791b77f2a0f1ff57645861174b0a4592	4818	00a0ff8f18d9b7fd941cfed27018b9eb791b77f2a0f1ff57645861174b0a4592	none
supplementary_s2_mapping/environment.txt	accepted_result_or_provenance	$KSSD_RELEASE_HOST/KSSD-Array-formal-results/minimap2-alignment-s2-corrected-20260804-145013/environment.txt	354	69e7ec34fd84439eba430b67bdd7ff1d67380d0bbbe7e08490530ea1040dda49	354	69e7ec34fd84439eba430b67bdd7ff1d67380d0bbbe7e08490530ea1040dda49	none
supplementary_s2_mapping/input_sha256.tsv	accepted_result_or_provenance	$KSSD_RELEASE_HOST/KSSD-Array-formal-results/minimap2-alignment-s2-corrected-20260804-145013/input_sha256.tsv	3026	fe213b84a8e64cfdf344f551156c98df638555ad5e520ee219c0b441ea7c57f1	3080	fe01b3c6f586d85261fd9413819e1bafc48bcd99060a0a39b4b60eb44ff365e6	developer_paths_replaced
supplementary_s2_mapping/large_artifact_manifest.tsv	release_documentation	release_authored	8194	6a8ba37b175c1faeeaf7936812141d6801b607c210eb5c414f13a89d71e79489	8194	6a8ba37b175c1faeeaf7936812141d6801b607c210eb5c414f13a89d71e79489	none
supplementary_s2_mapping/output_sha256.tsv	release_documentation	release_authored	3337	7c369cfaae2c2295c763bc6a394dce820497ce6ae11fe0bf73ac22bd87877991	3337	7c369cfaae2c2295c763bc6a394dce820497ce6ae11fe0bf73ac22bd87877991	none
supplementary_s2_mapping/run_manifest.txt	accepted_result_or_provenance	$KSSD_RELEASE_HOST/KSSD-Array-formal-results/minimap2-alignment-s2-corrected-20260804-145013/run_manifest.txt	566	1059c0ecc00b0527924cdd5b14974482da3f6e9c22cc24ee8899cf023ddefbd5	575	48435ab76a2374995f0eed699d70193721618c55e18e95bc24424e8f9f86124c	developer_paths_replaced
supplementary_s2_mapping/source_sha256.tsv	release_documentation	release_clean_replay	1684	212d370562d30fd551757b3d2290d638c9855e27cc0f4a9be9908d62f723ec8e	1684	212d370562d30fd551757b3d2290d638c9855e27cc0f4a9be9908d62f723ec8e	regenerated_from_current_public_workflow
supplementary_s2_mapping/supplementary_s2_corrected_counts.csv	accepted_result_or_provenance	$KSSD_RELEASE_HOST/KSSD-Array-formal-results/minimap2-alignment-s2-corrected-20260804-145013/supplementary_s2_corrected_counts.csv	1575	9e865ffe8e9bc388b166fe76eebb2eaf7c35710dc2c6a4bdb59002d3adf7dd01	1575	9e865ffe8e9bc388b166fe76eebb2eaf7c35710dc2c6a4bdb59002d3adf7dd01	none
supplementary_s2_mapping/supplementary_s2_corrected_metrics.csv	accepted_result_or_provenance	$KSSD_RELEASE_HOST/KSSD-Array-formal-results/minimap2-alignment-s2-corrected-20260804-145013/supplementary_s2_corrected_metrics.csv	3334	b63b36c43374f90ad0768b5994c2fc78cb7b2b13d96a09b72ee547fa61dd51fa	3334	b63b36c43374f90ad0768b5994c2fc78cb7b2b13d96a09b72ee547fa61dd51fa	none
supplementary_s2_mapping/supplementary_s2_corrected_paired.csv	accepted_result_or_provenance	$KSSD_RELEASE_HOST/KSSD-Array-formal-results/minimap2-alignment-s2-corrected-20260804-145013/supplementary_s2_corrected_paired.csv	3372	682064c42e33154a7c7eccc390ab043a3464be864ffcd910ae59247415c46c0f	3372	682064c42e33154a7c7eccc390ab043a3464be864ffcd910ae59247415c46c0f	none
supplementary_s2_mapping/supplementary_table_s2_corrected.csv	accepted_result_or_provenance	$KSSD_RELEASE_HOST/KSSD-Array-formal-results/minimap2-alignment-s2-corrected-20260804-145013/supplementary_table_s2_corrected.csv	1918	f58f56a5e5e933fd025d33a9a5c84c1a7725ede13468601ac3efc14e1db3dfe8	1918	f58f56a5e5e933fd025d33a9a5c84c1a7725ede13468601ac3efc14e1db3dfe8	none
supplementary_s2_mapping/supplementary_table_s2_mapq_corrected.csv	accepted_result_or_provenance	$KSSD_RELEASE_HOST/KSSD-Array-formal-results/minimap2-alignment-s2-corrected-20260804-145013/supplementary_table_s2_mapq_corrected.csv	1189	815073ff50c8cbd9a8ac3e8737d3b99445c3a4131f65bf44e65c862f132e382e	1189	815073ff50c8cbd9a8ac3e8737d3b99445c3a4131f65bf44e65c862f132e382e	none
supplementary_s2_mapping/unit_tests.log	accepted_result_or_provenance	$KSSD_RELEASE_HOST/KSSD-Array-formal-results/minimap2-alignment-s2-corrected-20260804-145013/unit_tests.log	696	4acb4c04aca139e3933dc60c70d38c089eaa15f10e64e212b941b2bb191c24d1	696	4acb4c04aca139e3933dc60c70d38c089eaa15f10e64e212b941b2bb191c24d1	none
table4_matched_nthash/README.md	release_documentation	release_authored	1469	a1cbde8d656705324a5013b7a5f010bea269614fbd8573c367831ded60c03466	1469	a1cbde8d656705324a5013b7a5f010bea269614fbd8573c367831ded60c03466	none
table4_matched_nthash/TABLE4_MATCHED_FULL_REPORT.md	accepted_result_or_provenance	$KSSD_RELEASE_HOST/KSSD-Array-formal-results/final-validation-20260731-162115/01_table4_matched_full/TABLE4_MATCHED_FULL_REPORT.md	2879	1012ed3d6d427d03a81e01cd99764ac970613b0277c292a6b68619d329ed15a9	2766	dfbd1527a5ad0cca8c57d3cc512915b5bac210ed9a389e7dc13b46e58a662135	public_documentation_or_figure_updated_20260804
table4_matched_nthash/Table4_matched_speedup_vs_k.pdf	accepted_result_or_provenance	$KSSD_RELEASE_HOST/KSSD-Array-formal-results/final-validation-20260731-162115/01_table4_matched_full/Table4_matched_speedup_vs_k.pdf	17909	50a8837d25ffd0473cd6665e779367012fbdcc6b4565b2bbdbc2061899fcdfb7	8075	cfb06ad111e59b431cef03597e4044f2ad4c8865af5d55a0e60b0e40559249fc	exact_historical_theme_redraw_from_accepted_final_data;dataset_colors_blue_orange
table4_matched_nthash/Table4_matched_speedup_vs_k.png	accepted_result_or_provenance	$KSSD_RELEASE_HOST/KSSD-Array-formal-results/final-validation-20260731-162115/01_table4_matched_full/Table4_matched_speedup_vs_k.png	273711	319c78e09a29e41a37c0a1108bfe99a957afed6190b601f59742551acd21f537	242161	141361499d845b40ed77d1fe1aff567e06cd351555b1ecf3457688f08a131dd0	exact_historical_theme_redraw_from_accepted_final_data;dataset_colors_blue_orange
table4_matched_nthash/benchmark_pairwise_speedups.csv	accepted_result_or_provenance	$KSSD_RELEASE_HOST/KSSD-Array-formal-results/final-validation-20260731-162115/01_table4_matched_full/benchmark_pairwise_speedups.csv	32909	fd8b1a24f21e544bc656a369582fbb0df6b2a06ffcd9f325b6c2f20f11dfffc3	32618	e125880416e5d7e2d79c595c39c03f7b4536bbf7457863e8b5f10f6df759dee5	line_endings_normalized_to_LF
table4_matched_nthash/benchmark_raw_results.csv	accepted_result_or_provenance	$KSSD_RELEASE_HOST/KSSD-Array-formal-results/final-validation-20260731-162115/01_table4_matched_full/benchmark_raw_results.csv	108125	75966ae8ddb3b86164ea1ad904d23f103f6d2a0a8b1c062ec6c47966aba0d644	107544	1eed598cb06b14b1e61b232dbc8b04ca20488d502854b26c6f5011cc86807c80	line_endings_normalized_to_LF
table4_matched_nthash/benchmark_summary_across_k.csv	accepted_result_or_provenance	$KSSD_RELEASE_HOST/KSSD-Array-formal-results/final-validation-20260731-162115/01_table4_matched_full/benchmark_summary_across_k.csv	516	83325ec0b14bae9d4d947adf58fa3457e15097553b16eddf1b8612c25a8c3f31	513	eef6dabd61b9c03a8a89a2101b266a82f5bd3a368555f2d7b02b46d950376775	line_endings_normalized_to_LF
table4_matched_nthash/benchmark_summary_by_k.csv	accepted_result_or_provenance	$KSSD_RELEASE_HOST/KSSD-Array-formal-results/final-validation-20260731-162115/01_table4_matched_full/benchmark_summary_by_k.csv	20738	ba4c7bcde7433718a95eb50c1067cc7da7919eff0dc90beef27d283d93437de4	20621	21c581d7c3af0c809962bdb7692a6817191dcb08db6dcf81cde2c8d810368a32	line_endings_normalized_to_LF
table4_matched_nthash/build_manifest.txt	accepted_result_or_provenance	$KSSD_RELEASE_HOST/KSSD-Array-formal-results/final-validation-20260731-162115/01_table4_matched_full/build_manifest.txt	8585	d0ef75a726e3f8812338294eb6a9f692bc50e125cf67b112cb9700b35c9e824e	8696	af5e24bf5322ac4b859726a522467cef08ecba49bc53d53dfd6f65b5b3f8494a	developer_paths_replaced
table4_matched_nthash/commands.sh	accepted_result_or_provenance	$KSSD_RELEASE_HOST/KSSD-Array-formal-results/final-validation-20260731-162115/01_table4_matched_full/commands.sh	213953	c63561e33253f0f447496c32100d2a7fcf47ffc81f9f4fa9a1f70bbb158ab62c	221156	76a92fcd8f17e173daadb8d905810018d9c7810ad1334886359ff9c7aa2171c9	developer_paths_replaced
table4_matched_nthash/environment.txt	accepted_result_or_provenance	$KSSD_RELEASE_HOST/KSSD-Array-formal-results/final-validation-20260731-162115/01_table4_matched_full/environment.txt	7364	30ffc13a510ebfdb1925ea0b7b2a5a8abeb59c7ae600110b4d5c0499ad96c9e9	7213	cd97cc48918d17e212b793bac4bc43637bcf590525773a4d23071715b0b7e1bf	locale_labels_translated_to_ASCII;developer_paths_replaced
table4_matched_nthash/executable_sha256.tsv	accepted_result_or_provenance	$KSSD_RELEASE_HOST/KSSD-Array-formal-results/final-validation-20260731-162115/01_table4_matched_full/executable_sha256.tsv	29213	2864af8d0662255ac4b5d40fb1a3441fd1c9916817ade2bb1a839e6bf75012f5	29852	e89c80c7fa64c8aa46ff428e78ca95aa88c0abf2b1b94ffd80569e6d72d55acb	developer_paths_replaced;line_endings_normalized_to_LF
table4_matched_nthash/input_sha256.tsv	accepted_result_or_provenance	$KSSD_RELEASE_HOST/KSSD-Array-formal-results/final-validation-20260731-162115/01_table4_matched_full/input_sha256.tsv	572	3f6ad534ac7a04c18baf00feb43a9e8bfe5c194b94da3461d397aa1ec004f350	575	9fc046f8d2d0f83c6c84c7a13531ee38b8c0f33abf7d93587b4d22743d372875	developer_paths_replaced;line_endings_normalized_to_LF
table4_matched_nthash/matched_table4_by_k.csv	accepted_result_or_provenance	$KSSD_RELEASE_HOST/KSSD-Array-formal-results/final-validation-20260731-162115/01_table4_matched_full/matched_table4_by_k.csv	13438	ee86751e22533c9827445fb256065bcea7d38c125b9a0a2826fffbc0db2c5be1	13379	81455d09151c239df5f619814c431a82093fd07d088561d9d9c8c62b1a115635	line_endings_normalized_to_LF
table4_matched_nthash/matched_table4_summary.csv	accepted_result_or_provenance	$KSSD_RELEASE_HOST/KSSD-Array-formal-results/final-validation-20260731-162115/01_table4_matched_full/matched_table4_summary.csv	516	83325ec0b14bae9d4d947adf58fa3457e15097553b16eddf1b8612c25a8c3f31	513	eef6dabd61b9c03a8a89a2101b266a82f5bd3a368555f2d7b02b46d950376775	line_endings_normalized_to_LF
table4_matched_nthash/output_sha256.tsv	accepted_result_or_provenance	$KSSD_RELEASE_HOST/KSSD-Array-formal-results/final-validation-20260731-162115/01_table4_matched_full/output_sha256.tsv	96004	9b1f55a726e46bad5a7e6812ff3569eb81221ba6391969bef894f6095ee24b48	95290	24e0dafc4fcb96f76e724a9a4c4295e7e477e2ef570d4379774f4c3bab61f64f	public_hash_inventory_updated_for_exact_script_figures;public_documentation_or_figure_updated_20260804
table4_matched_nthash/plot_table4_exact_manuscript_theme.R	release_documentation	release_authored	4532	e8d29974ff0c8e93202eedfff9c818df6d439fb31b85935bc0c27001509bf0be	4532	e8d29974ff0c8e93202eedfff9c818df6d439fb31b85935bc0c27001509bf0be	none
table4_matched_nthash/run_manifest.txt	accepted_result_or_provenance	$KSSD_RELEASE_HOST/KSSD-Array-formal-results/final-validation-20260731-162115/01_table4_matched_full/run_manifest.txt	720	0301265310219eacefd006f78f1643d8ec00db78cde9d2ce2d9d4cba8ee86e89	723	a129cb959470bae37e1dcf6bfb0f349e0d68e15145c1032103e09e0b2d698148	developer_paths_replaced
